Participant,Day,SessionBlock,Trial,Task,Category,FacePresent,Response,Correct,RT,NoResponse,LateResponse,LateResponseRT,LateCorrect,Combined_Correct,Contrast,Replaced,PTC,PTR
00219,2.0,6.0,1,2IFC,CC,,right,True,0.5543470999691635,False,,,,True,0.049999999999999996,,,
,,,1,WM_probe,CC,,4,True,1.0869548001792282,False,,,,True,,4.0,0.0,0.0
00219,2.0,6.0,2,2IFC,CC,,left,True,0.623313199961558,False,,,,True,0.03971641173621406,,,
,,,2,WM_probe,CC,,4,True,1.1051854998804629,False,,,,True,,4.0,0.0,0.0
00219,2.0,6.0,3,2IFC,SC,,right,True,0.3191654998809099,False,,,,True,0.049999999999999996,,,
,,,3,WM_probe,SC,,3,True,1.0983025999739766,False,,,,True,,3.0,0.0,0.0
00219,2.0,6.0,4,2IFC,SC,,right,True,0.6159926999825984,False,,,,True,0.03971641173621406,,,
,,,4,WM_probe,SC,,2,False,1.3860826001036912,False,,,,False,,1.0,1.0,0.0
00219,2.0,6.0,5,2IFC,SC,,left,True,0.5077120000496507,False,,,,True,0.031547867224009644,,,
,,,5,WM_probe,SC,,2,False,1.292308600153774,False,,,,False,,1.0,1.0,0.0
00219,2.0,6.0,6,2IFC,SC,,left,True,0.436189099913463,False,,,,True,0.025059361681363596,,,
,,,6,WM_probe,SC,,3,True,1.3967271998990327,False,,,,True,,3.0,0.0,0.0
00219,2.0,6.0,7,2IFC,CI,,left,True,0.5434793999884278,False,,,,True,0.049999999999999996,,,
,,,7,WM_probe,CI,,4,True,0.971146099967882,False,,,,True,,4.0,0.0,0.0
00219,2.0,6.0,8,2IFC,CC,,right,True,0.4380183999892324,False,,,,True,0.031547867224009644,,,
,,,8,WM_probe,CC,,4,True,0.8448922999668866,False,,,,True,,4.0,0.0,0.0
00219,2.0,6.0,9,2IFC,CC,,left,True,0.5155131001956761,False,,,,True,0.025059361681363596,,,
,,,9,WM_probe,CC,,1,True,1.4892278001643717,False,,,,True,,1.0,0.0,0.0
00219,2.0,6.0,10,2IFC,CI,,left,True,0.5500093998853117,False,,,,True,0.03971641173621406,,,
,,,10,WM_probe,CI,,2,True,1.469800799852237,False,,,,True,,2.0,0.0,0.0
00219,2.0,6.0,11,2IFC,CC,,right,False,0.6231394000351429,False,,,,False,0.019905358527674843,,,
,,,11,WM_probe,CC,,3,True,0.9885839999187738,False,,,,True,,3.0,0.0,0.0
00219,2.0,6.0,12,2IFC,CI,,right,True,0.6859685000963509,False,,,,True,0.031547867224009644,,,
,,,12,WM_probe,CI,,1,True,1.7996541999746114,False,,,,True,,1.0,0.0,0.0
00219,2.0,6.0,13,2IFC,CC,,right,False,0.7265323000028729,False,,,,False,0.025059361681363596,,,
,,,13,WM_probe,CC,,2,True,1.11349459993653,False,,,,True,,2.0,0.0,0.0
00219,2.0,6.0,14,2IFC,CI,,left,True,0.5404610999394208,False,,,,True,0.025059361681363596,,,
,,,14,WM_probe,CI,,3,True,1.1838017001282424,False,,,,True,,3.0,0.0,0.0
00219,2.0,6.0,15,2IFC,CI,,left,True,0.774831100134179,False,,,,True,0.019905358527674843,,,
,,,15,WM_probe,CI,,4,False,1.3638142000418156,False,,,,False,,1.0,0.0,0.0
00219,2.0,6.0,16,2IFC,CC,,left,True,0.561495800036937,False,,,,True,0.031547867224009644,,,
,,,16,WM_probe,CC,,3,True,1.18672059988603,False,,,,True,,3.0,0.0,0.0
00219,2.0,6.0,17,2IFC,CI,,right,False,0.6197854999918491,False,,,,False,0.01581138830084188,,,
,,,17,WM_probe,CI,,no_response,False,,True,3,0.1932218000292778,True,True,,3.0,0.0,0.0
00219,2.0,6.0,18,2IFC,CC,,left,True,0.5603088000789285,False,,,,True,0.031547867224009644,,,
,,,18,WM_probe,CC,,1,True,1.9594435000326484,False,,,,True,,1.0,0.0,0.0
00219,2.0,6.0,19,2IFC,CC,,left,True,0.6333834000397474,False,,,,True,0.031547867224009644,,,
,,,19,WM_probe,CC,,3,False,2.2598569998517632,False,,,,False,,1.0,0.0,0.0
00219,2.0,6.0,20,2IFC,CC,,right,False,0.8322533001191914,False,,,,False,0.025059361681363596,,,
,,,20,WM_probe,CC,,4,True,1.3704534000717103,False,,,,True,,4.0,0.0,0.0
00219,2.0,6.0,21,2IFC,CI,,left,True,0.6084046000614762,False,,,,True,0.019905358527674843,,,
,,,21,WM_probe,CI,,4,True,1.1512515000067651,False,,,,True,,4.0,0.0,0.0
00219,2.0,6.0,22,2IFC,CC,,right,True,0.5834429000969976,False,,,,True,0.031547867224009644,,,
,,,22,WM_probe,CC,,2,False,1.9089637000579387,False,,,,False,,1.0,0.0,0.0
00219,2.0,6.0,23,2IFC,CC,,left,True,0.6015067999251187,False,,,,True,0.031547867224009644,,,
,,,23,WM_probe,CC,,4,False,1.5015295997727662,False,,,,False,,1.0,0.0,0.0
00219,2.0,6.0,24,2IFC,CC,,right,True,0.48317619995214045,False,,,,True,0.031547867224009644,,,
,,,24,WM_probe,CC,,4,True,1.0972253000363708,False,,,,True,,4.0,0.0,0.0
00219,2.0,6.0,25,2IFC,CC,,right,False,0.5686007000040263,False,,,,False,0.025059361681363596,,,
,,,25,WM_probe,CC,,2,True,1.8272157998289913,False,,,,True,,2.0,0.0,0.0
00219,2.0,6.0,26,2IFC,SC,,right,True,0.607946699950844,False,,,,True,0.019905358527674843,,,
,,,26,WM_probe,SC,,4,True,1.043438500026241,False,,,,True,,4.0,0.0,0.0
00219,2.0,6.0,27,2IFC,CI,,left,False,0.5243456999305636,False,,,,False,0.019905358527674843,,,
,,,27,WM_probe,CI,,3,True,0.9011337000411004,False,,,,True,,3.0,0.0,0.0
00219,2.0,6.0,28,2IFC,SC,,left,True,0.5061124998610467,False,,,,True,0.01581138830084188,,,
,,,28,WM_probe,SC,,4,False,1.01815259992145,False,,,,False,,1.0,0.0,1.0
00219,2.0,6.0,29,2IFC,SC,,left,True,0.494927000021562,False,,,,True,0.012559432157547883,,,
,,,29,WM_probe,SC,,1,True,1.2514146999455988,False,,,,True,,1.0,0.0,0.0
00219,2.0,6.0,30,2IFC,SC,,right,False,0.5541910999454558,False,,,,False,0.009976311574844382,,,
,,,30,WM_probe,SC,,2,True,1.663254200015217,False,,,,True,,2.0,0.0,0.0
00219,2.0,6.0,31,2IFC,CC,,right,True,0.5900018000975251,False,,,,True,0.031547867224009644,,,
,,,31,WM_probe,CC,,2,False,1.6753020999021828,False,,,,False,,1.0,0.0,0.0
00219,2.0,6.0,32,2IFC,CC,,right,True,0.49190859985537827,False,,,,True,0.031547867224009644,,,
,,,32,WM_probe,CC,,4,False,1.9443761999718845,False,,,,False,,1.0,0.0,0.0
00219,2.0,6.0,33,2IFC,CC,,right,True,0.7083642000798136,False,,,,True,0.031547867224009644,,,
,,,33,WM_probe,CC,,3,True,1.0035017998889089,False,,,,True,,3.0,0.0,0.0
00219,2.0,6.0,34,2IFC,CC,,left,True,0.9872615998610854,False,,,,True,0.025059361681363596,,,
,,,34,WM_probe,CC,,1,False,1.8596484998706728,False,,,,False,,2.0,0.0,0.0
00219,2.0,6.0,35,2IFC,CI,,right,True,0.6687950999476016,False,,,,True,0.025059361681363596,,,
,,,35,WM_probe,CI,,4,True,0.7897071000188589,False,,,,True,,4.0,0.0,0.0
00219,2.0,6.0,36,2IFC,CC,,right,True,0.494978099828586,False,,,,True,0.025059361681363596,,,
,,,36,WM_probe,CC,,4,True,2.1846159000415355,False,,,,True,,4.0,0.0,0.0
00219,2.0,6.0,37,2IFC,SC,,right,False,0.6814105999656022,False,,,,False,0.012559432157547883,,,
,,,37,WM_probe,SC,,4,False,2.1692844999488443,False,,,,False,,2.0,1.0,0.0
00219,2.0,6.0,38,2IFC,SC,,left,False,0.5168834000360221,False,,,,False,0.01581138830084188,,,
,,,38,WM_probe,SC,,2,False,2.012412100099027,False,,,,False,,1.0,1.0,0.0
00219,2.0,6.0,39,2IFC,CI,,right,False,0.6645287999417633,False,,,,False,0.025059361681363596,,,
,,,39,WM_probe,CI,,4,True,1.2416993000078946,False,,,,True,,4.0,0.0,0.0
00219,2.0,6.0,40,2IFC,CC,,right,True,0.6919739001896232,False,,,,True,0.025059361681363596,,,
,,,40,WM_probe,CC,,1,True,1.4045569999143481,False,,,,True,,1.0,0.0,0.0
00219,2.0,6.0,41,2IFC,SC,,left,True,0.4646197999827564,False,,,,True,0.019905358527674843,,,
,,,41,WM_probe,SC,,3,True,0.8598015001043677,False,,,,True,,3.0,0.0,0.0
00219,2.0,6.0,42,2IFC,SC,,left,False,0.5686248000711203,False,,,,False,0.019905358527674843,,,
,,,42,WM_probe,SC,,1,True,1.4400188999716192,False,,,,True,,1.0,0.0,0.0
00219,2.0,6.0,43,2IFC,SC,,right,True,0.5795140999834985,False,,,,True,0.025059361681363596,,,
,,,43,WM_probe,SC,,no_response,False,,True,3,0.0003790999762713909,True,True,,3.0,0.0,0.0
00219,2.0,6.0,44,2IFC,CI,,left,True,0.6257247999310493,False,,,,True,0.031547867224009644,,,
,,,44,WM_probe,CI,,1,False,1.335998099995777,False,,,,False,,2.0,0.0,0.0
00219,2.0,6.0,45,2IFC,CC,,right,True,0.5073722000233829,False,,,,True,0.019905358527674843,,,
,,,45,WM_probe,CC,,4,True,1.0117031000554562,False,,,,True,,4.0,0.0,0.0
00219,2.0,6.0,46,2IFC,SC,,right,True,0.43487680004909635,False,,,,True,0.025059361681363596,,,
,,,46,WM_probe,SC,,2,True,1.8429709998890758,False,,,,True,,2.0,0.0,0.0
00219,2.0,6.0,47,2IFC,SC,,left,False,0.5439664998557419,False,,,,False,0.025059361681363596,,,
,,,47,WM_probe,SC,,1,False,2.21159840002656,False,,,,False,,2.0,1.0,0.0
00219,2.0,6.0,48,2IFC,CC,,right,True,0.6877159001305699,False,,,,True,0.019905358527674843,,,
,,,48,WM_probe,CC,,1,True,2.05307890009135,False,,,,True,,1.0,0.0,0.0
00219,2.0,6.0,49,2IFC,SC,,right,True,0.661253800150007,False,,,,True,0.031547867224009644,,,
,,,49,WM_probe,SC,,2,False,1.6155846000183374,False,,,,False,,1.0,1.0,0.0
00219,2.0,6.0,50,2IFC,SC,,right,True,0.4903673999942839,False,,,,True,0.031547867224009644,,,
,,,50,WM_probe,SC,,3,True,1.2848938000388443,False,,,,True,,3.0,0.0,0.0
00219,2.0,6.0,51,2IFC,CI,,right,True,0.5701171001419425,False,,,,True,0.031547867224009644,,,
,,,51,WM_probe,CI,,4,True,1.1400976998265833,False,,,,True,,4.0,0.0,0.0
00219,2.0,6.0,52,2IFC,SC,,right,True,0.8292223000898957,False,,,,True,0.031547867224009644,,,
,,,52,WM_probe,SC,,1,True,1.503652699990198,False,,,,True,,1.0,0.0,0.0
00219,2.0,6.0,53,2IFC,CI,,right,False,0.9227924000006169,False,,,,False,0.031547867224009644,,,
,,,53,WM_probe,CI,,2,True,1.7652825000695884,False,,,,True,,2.0,0.0,0.0
00219,2.0,6.0,54,2IFC,CI,,right,False,0.5555022000335157,False,,,,False,0.03971641173621406,,,
,,,54,WM_probe,CI,,3,True,1.1125374000985175,False,,,,True,,3.0,0.0,0.0
00219,2.0,6.0,55,2IFC,CC,,left,True,0.5207118999678642,False,,,,True,0.019905358527674843,,,
,,,55,WM_probe,CC,,3,True,0.9605187999550253,False,,,,True,,3.0,0.0,0.0
00219,2.0,6.0,56,2IFC,CC,,left,True,0.6400798000395298,False,,,,True,0.01581138830084188,,,
,,,56,WM_probe,CC,,4,True,1.1028237999416888,False,,,,True,,4.0,0.0,0.0
00219,2.0,6.0,57,2IFC,CC,,left,True,0.4030972998589277,False,,,,True,0.01581138830084188,,,
,,,57,WM_probe,CC,,1,True,1.0094041000120342,False,,,,True,,1.0,0.0,0.0
00219,2.0,6.0,58,2IFC,SC,,right,True,0.5265236000996083,False,,,,True,0.025059361681363596,,,
,,,58,WM_probe,SC,,4,False,1.6176607001107186,False,,,,False,,2.0,1.0,0.0
00219,2.0,6.0,59,2IFC,SC,,right,False,0.6151332999579608,False,,,,False,0.025059361681363596,,,
,,,59,WM_probe,SC,,1,False,2.3376412000507116,False,,,,False,,2.0,1.0,0.0
00219,2.0,6.0,60,2IFC,CI,,left,True,0.5494059999473393,False,,,,True,0.049999999999999996,,,
,,,60,WM_probe,CI,,3,True,1.0302701999899,False,,,,True,,3.0,0.0,0.0
00219,2.0,6.0,61,2IFC,CI,,left,True,0.4531062999740243,False,,,,True,0.049999999999999996,,,
,,,61,WM_probe,CI,,1,True,1.4287248998880386,False,,,,True,,1.0,0.0,0.0
00219,2.0,6.0,62,2IFC,SC,,right,False,0.7416175999678671,False,,,,False,0.031547867224009644,,,
,,,62,WM_probe,SC,,4,True,1.6752452000509948,False,,,,True,,4.0,0.0,0.0
00219,2.0,6.0,63,2IFC,CI,,left,True,0.35271540004760027,False,,,,True,0.049999999999999996,,,
,,,63,WM_probe,CI,,1,True,1.9973645000718534,False,,,,True,,1.0,0.0,0.0
00219,2.0,6.0,64,2IFC,CC,,right,False,0.5359007001388818,False,,,,False,0.01581138830084188,,,
,,,64,WM_probe,CC,,4,True,0.9459517998620868,False,,,,True,,4.0,0.0,0.0
00219,2.0,6.0,65,2IFC,CI,,left,False,0.7095212999265641,False,,,,False,0.03971641173621406,,,
,,,65,WM_probe,CI,,1,False,1.8835529999341816,False,,,,False,,2.0,0.0,0.0
00219,2.0,6.0,66,2IFC,CC,,right,False,0.5837183999828994,False,,,,False,0.019905358527674843,,,
,,,66,WM_probe,CC,,2,True,1.4095866000279784,False,,,,True,,2.0,0.0,0.0
00219,2.0,6.0,67,2IFC,SC,,right,True,0.4320036999415606,False,,,,True,0.03971641173621406,,,
,,,67,WM_probe,SC,,2,True,1.5811707000248134,False,,,,True,,2.0,0.0,0.0
00219,2.0,6.0,68,2IFC,SC,,right,True,0.45588060002774,False,,,,True,0.03971641173621406,,,
,,,68,WM_probe,SC,,3,True,0.9735726001672447,False,,,,True,,3.0,0.0,0.0
00219,2.0,6.0,69,2IFC,CI,,right,True,0.5081867000553757,False,,,,True,0.049999999999999996,,,
,,,69,WM_probe,CI,,3,True,0.8725675998721272,False,,,,True,,3.0,0.0,0.0
00219,2.0,6.0,70,2IFC,SC,,right,True,0.5090625998564065,False,,,,True,0.03971641173621406,,,
,,,70,WM_probe,SC,,4,True,1.011156699853018,False,,,,True,,4.0,0.0,0.0
00219,2.0,6.0,71,2IFC,CI,,right,True,0.5584810001309961,False,,,,True,0.049999999999999996,,,
,,,71,WM_probe,CI,,4,True,1.0362841000314802,False,,,,True,,4.0,0.0,0.0
00219,2.0,6.0,72,2IFC,CC,,left,True,0.4858485998120159,False,,,,True,0.025059361681363596,,,
,,,72,WM_probe,CC,,3,True,0.8868990000337362,False,,,,True,,3.0,0.0,0.0
00219,2.0,6.0,73,2IFC,CI,,right,True,0.612979399971664,False,,,,True,0.049999999999999996,,,
,,,73,WM_probe,CI,,2,True,1.2662223000079393,False,,,,True,,2.0,0.0,0.0
00219,2.0,6.0,74,2IFC,CC,,right,True,0.7118249000050128,False,,,,True,0.025059361681363596,,,
,,,74,WM_probe,CC,,4,True,0.9738605997990817,False,,,,True,,4.0,0.0,0.0
00219,2.0,6.0,75,2IFC,SC,,right,False,0.727037699893117,False,,,,False,0.031547867224009644,,,
,,,75,WM_probe,SC,,2,True,0.7305517999920994,False,,,,True,,2.0,0.0,0.0
00219,2.0,6.0,76,2IFC,CI,,left,True,0.5240211000200361,False,,,,True,0.03971641173621406,,,
,,,76,WM_probe,CI,,1,True,1.1397944998461753,False,,,,True,,1.0,0.0,0.0
00219,2.0,6.0,77,2IFC,CI,,left,True,0.45389040000736713,False,,,,True,0.03971641173621406,,,
,,,77,WM_probe,CI,,1,True,1.7750466000288725,False,,,,True,,1.0,0.0,0.0
00219,2.0,6.0,78,2IFC,CI,,left,True,0.49602199997752905,False,,,,True,0.03971641173621406,,,
,,,78,WM_probe,CI,,2,False,1.3350917000789195,False,,,,False,,4.0,0.0,0.0
00219,2.0,6.0,79,2IFC,SC,,left,True,0.47636709990911186,False,,,,True,0.03971641173621406,,,
,,,79,WM_probe,SC,,no_response,False,,True,3,0.0002937999088317156,True,True,,3.0,0.0,0.0
00219,2.0,6.0,80,2IFC,CC,,right,True,0.5290449999738485,False,,,,True,0.025059361681363596,,,
,,,80,WM_probe,CC,,4,True,0.9010850000195205,False,,,,True,,4.0,0.0,0.0
00219,2.0,6.0,81,2IFC,SC,,left,True,0.5910804001614451,False,,,,True,0.03971641173621406,,,
,,,81,WM_probe,SC,,2,True,1.2407476999796927,False,,,,True,,2.0,0.0,0.0
00219,2.0,6.0,82,2IFC,CI,,left,True,0.5892781999427825,False,,,,True,0.031547867224009644,,,
,,,82,WM_probe,CI,,3,True,1.326399400131777,False,,,,True,,3.0,0.0,0.0
00219,2.0,6.0,83,2IFC,SC,,left,True,0.6577812999021262,False,,,,True,0.03971641173621406,,,
,,,83,WM_probe,SC,,3,True,1.051186499884352,False,,,,True,,3.0,0.0,0.0
00219,2.0,6.0,84,2IFC,CC,,left,True,0.7592122999485582,False,,,,True,0.019905358527674843,,,
,,,84,WM_probe,CC,,3,False,2.1123716000001878,False,,,,False,,4.0,0.0,0.0
00219,2.0,6.0,85,2IFC,CI,,right,True,0.5676653000991791,False,,,,True,0.031547867224009644,,,
,,,85,WM_probe,CI,,2,False,1.9949918000493199,False,,,,False,,1.0,0.0,0.0
00219,2.0,6.0,86,2IFC,CI,,right,True,0.569651999976486,False,,,,True,0.031547867224009644,,,
,,,86,WM_probe,CI,,3,True,1.0395851999055594,False,,,,True,,3.0,0.0,0.0
00219,2.0,6.0,87,2IFC,SC,,left,True,0.51438679988496,False,,,,True,0.031547867224009644,,,
,,,87,WM_probe,SC,,4,False,2.1347686999943107,False,,,,False,,1.0,1.0,0.0
00219,2.0,6.0,88,2IFC,CI,,right,True,0.4932479001581669,False,,,,True,0.025059361681363596,,,
,,,88,WM_probe,CI,,2,True,2.252721199998632,False,,,,True,,2.0,0.0,0.0
00219,2.0,6.0,89,2IFC,CI,,right,True,0.5255485000088811,False,,,,True,0.025059361681363596,,,
,,,89,WM_probe,CI,,2,True,1.5083608001004905,False,,,,True,,2.0,0.0,0.0
00219,2.0,6.0,90,2IFC,CI,,left,True,0.7549272000323981,False,,,,True,0.025059361681363596,,,
,,,90,WM_probe,CI,,1,True,0.9399412001948804,False,,,,True,,1.0,0.0,0.0
00219,2.0,6.0,91,2IFC,SC,,right,True,0.4739308001007885,False,,,,True,0.031547867224009644,,,
,,,91,WM_probe,SC,,4,True,1.9093969999812543,False,,,,True,,4.0,0.0,0.0
00219,2.0,6.0,92,2IFC,SC,,right,False,0.570672299945727,False,,,,False,0.031547867224009644,,,
,,,92,WM_probe,SC,,3,True,1.1469817999750376,False,,,,True,,3.0,0.0,0.0
00219,2.0,6.0,93,2IFC,CC,,right,True,0.5437137000262737,False,,,,True,0.019905358527674843,,,
,,,93,WM_probe,CC,,1,True,2.059299200074747,False,,,,True,,1.0,0.0,0.0
00219,2.0,6.0,94,2IFC,CC,,left,False,0.5230849999934435,False,,,,False,0.019905358527674843,,,
,,,94,WM_probe,CC,,4,True,1.6328260998707265,False,,,,True,,4.0,0.0,0.0
00219,2.0,6.0,95,2IFC,CI,,right,False,0.6377842999063432,False,,,,False,0.019905358527674843,,,
,,,95,WM_probe,CI,,4,True,0.9443014999851584,False,,,,True,,4.0,0.0,0.0
00219,2.0,6.0,96,2IFC,CI,,left,True,0.6089205997996032,False,,,,True,0.025059361681363596,,,
,,,96,WM_probe,CI,,2,False,1.7002838000189513,False,,,,False,,1.0,0.0,0.0
00219,2.0,6.0,97,2IFC,SC,,left,True,0.5027121000457555,False,,,,True,0.03971641173621406,,,
,,,97,WM_probe,SC,,4,True,2.2519731000065804,False,,,,True,,4.0,0.0,0.0
00219,2.0,6.0,98,2IFC,CI,,right,True,0.5777205999474972,False,,,,True,0.025059361681363596,,,
,,,98,WM_probe,CI,,4,True,1.0073420000262558,False,,,,True,,4.0,0.0,0.0
00219,2.0,6.0,99,2IFC,SC,,left,True,0.543289199937135,False,,,,True,0.03971641173621406,,,
,,,99,WM_probe,SC,,1,True,1.2773960998747498,False,,,,True,,1.0,0.0,0.0
00219,2.0,6.0,100,YN,SC,True,left,True,0.7853107999544591,False,,,,True,0.03971641173621406,,,
,,,100,WM_probe,SC,,3,True,1.0639335000887513,False,,,,True,,3.0,0.0,0.0
00219,2.0,6.0,101,YN,CI,False,right,True,0.5079484998714179,False,,,,True,0.025059361681363596,,,
,,,101,WM_probe,CI,,2,True,1.1420334000140429,False,,,,True,,2.0,0.0,0.0
00219,2.0,6.0,102,YN,SC,False,right,True,0.510857000015676,False,,,,True,0.03971641173621406,,,
,,,102,WM_probe,SC,,3,True,0.8428663997910917,False,,,,True,,3.0,0.0,0.0
00219,2.0,6.0,103,YN,SC,False,right,True,0.42011359985917807,False,,,,True,0.03971641173621406,,,
,,,103,WM_probe,SC,,4,True,0.8000412001274526,False,,,,True,,4.0,0.0,0.0
00219,2.0,6.0,104,YN,CC,False,right,True,0.5037647001445293,False,,,,True,0.019905358527674843,,,
,,,104,WM_probe,CC,,1,True,1.2541811999399215,False,,,,True,,1.0,0.0,0.0
00219,2.0,6.0,105,YN,CI,False,right,True,0.4755551000125706,False,,,,True,0.025059361681363596,,,
,,,105,WM_probe,CI,,1,True,0.9249976000282913,False,,,,True,,1.0,0.0,0.0
00219,2.0,6.0,106,YN,SC,True,left,True,0.4736603000201285,False,,,,True,0.03971641173621406,,,
,,,106,WM_probe,SC,,2,False,1.7597138998098671,False,,,,False,,4.0,0.0,1.0
00219,2.0,6.0,107,YN,CI,False,right,True,0.4220185000449419,False,,,,True,0.025059361681363596,,,
,,,107,WM_probe,CI,,2,True,0.8947466998361051,False,,,,True,,2.0,0.0,0.0
00219,2.0,6.0,108,YN,CI,False,right,True,0.3344448001589626,False,,,,True,0.025059361681363596,,,
,,,108,WM_probe,CI,,2,True,1.436294199898839,False,,,,True,,2.0,0.0,0.0
00219,2.0,6.0,109,YN,SC,True,right,False,0.470107699977234,False,,,,False,0.03971641173621406,,,
,,,109,WM_probe,SC,,4,False,1.475530699826777,False,,,,False,,3.0,1.0,0.0
00219,2.0,6.0,110,YN,CI,False,right,True,0.45023559988476336,False,,,,True,0.025059361681363596,,,
,,,110,WM_probe,CI,,4,True,0.8961628000251949,False,,,,True,,4.0,0.0,0.0
00219,2.0,6.0,111,YN,CI,True,right,False,0.43319169990718365,False,,,,False,0.025059361681363596,,,
,,,111,WM_probe,CI,,3,True,0.8373151998966932,False,,,,True,,3.0,0.0,0.0
00219,2.0,6.0,112,YN,SC,False,left,False,0.5853075999766588,False,,,,False,0.03971641173621406,,,
,,,112,WM_probe,SC,,3,False,1.753768099937588,False,,,,False,,2.0,1.0,0.0
00219,2.0,6.0,113,YN,CI,False,right,True,0.43154229992069304,False,,,,True,0.025059361681363596,,,
,,,113,WM_probe,CI,,2,True,0.8059074999764562,False,,,,True,,2.0,0.0,0.0
00219,2.0,6.0,114,YN,SC,True,left,True,0.3716541000176221,False,,,,True,0.03971641173621406,,,
,,,114,WM_probe,SC,,1,True,1.4186581999529153,False,,,,True,,1.0,0.0,0.0
00219,2.0,6.0,115,YN,CI,True,right,False,0.6401062000077218,False,,,,False,0.025059361681363596,,,
,,,115,WM_probe,CI,,no_response,False,,True,2,0.04410320008173585,True,True,,2.0,0.0,0.0
00219,2.0,6.0,116,YN,SC,True,left,True,0.39195989980362356,False,,,,True,0.03971641173621406,,,
,,,116,WM_probe,SC,,4,False,1.183740699896589,False,,,,False,,2.0,1.0,0.0
00219,2.0,6.0,117,YN,SC,True,left,True,0.29695549979805946,False,,,,True,0.03971641173621406,,,
,,,117,WM_probe,SC,,1,True,1.416446299990639,False,,,,True,,1.0,0.0,0.0
00219,2.0,6.0,118,YN,CI,True,right,False,0.46857220004312694,False,,,,False,0.025059361681363596,,,
,,,118,WM_probe,CI,,1,False,1.7776589998975396,False,,,,False,,2.0,0.0,0.0
00219,2.0,6.0,119,YN,CC,True,right,False,0.47187409992329776,False,,,,False,0.019905358527674843,,,
,,,119,WM_probe,CC,,2,True,2.117397899972275,False,,,,True,,2.0,0.0,0.0
00219,2.0,6.0,120,YN,CI,False,right,True,0.4686032999306917,False,,,,True,0.025059361681363596,,,
,,,120,WM_probe,CI,,4,True,0.8211282999254763,False,,,,True,,4.0,0.0,0.0
00219,2.0,6.0,121,YN,CI,True,right,False,0.36035209987312555,False,,,,False,0.025059361681363596,,,
,,,121,WM_probe,CI,,4,True,0.7945503001101315,False,,,,True,,4.0,0.0,0.0
00219,2.0,6.0,122,YN,CC,True,right,False,0.5018551999237388,False,,,,False,0.019905358527674843,,,
,,,122,WM_probe,CC,,3,True,1.1716946999076754,False,,,,True,,3.0,0.0,0.0
00219,2.0,6.0,123,YN,CI,False,right,True,0.3935129998717457,False,,,,True,0.025059361681363596,,,
,,,123,WM_probe,CI,,4,True,0.8233495000749826,False,,,,True,,4.0,0.0,0.0
00219,2.0,6.0,124,YN,CI,True,right,False,0.431116099935025,False,,,,False,0.025059361681363596,,,
,,,124,WM_probe,CI,,3,True,0.9035735998768359,False,,,,True,,3.0,0.0,0.0
00219,2.0,6.0,125,YN,SC,False,right,True,0.3825441999360919,False,,,,True,0.03971641173621406,,,
,,,125,WM_probe,SC,,4,True,0.8341054001357406,False,,,,True,,4.0,0.0,0.0
00219,2.0,6.0,126,YN,CC,False,right,True,0.31134329992346466,False,,,,True,0.019905358527674843,,,
,,,126,WM_probe,CC,,4,True,1.2360143000259995,False,,,,True,,4.0,0.0,0.0
00219,2.0,6.0,127,YN,CC,False,right,True,0.39782029995694757,False,,,,True,0.019905358527674843,,,
,,,127,WM_probe,CC,,4,True,0.9291147000622004,False,,,,True,,4.0,0.0,0.0
00219,2.0,6.0,128,YN,SC,True,left,True,0.3931579999625683,False,,,,True,0.03971641173621406,,,
,,,128,WM_probe,SC,,3,True,1.0743342998903245,False,,,,True,,3.0,0.0,0.0
00219,2.0,6.0,129,YN,CI,True,right,False,0.4287443000357598,False,,,,False,0.025059361681363596,,,
,,,129,WM_probe,CI,,4,False,2.0563786001875997,False,,,,False,,1.0,0.0,0.0
00219,2.0,6.0,130,YN,CC,False,right,True,0.46845149993896484,False,,,,True,0.019905358527674843,,,
,,,130,WM_probe,CC,,2,True,2.173121999949217,False,,,,True,,2.0,0.0,0.0
00219,2.0,6.0,131,YN,SC,True,left,True,0.3976851000916213,False,,,,True,0.03971641173621406,,,
,,,131,WM_probe,SC,,1,True,0.9877811002079397,False,,,,True,,1.0,0.0,0.0
00219,2.0,6.0,132,YN,CC,False,left,False,0.6608775001950562,False,,,,False,0.019905358527674843,,,
,,,132,WM_probe,CC,,1,False,2.2423841001000255,False,,,,False,,3.0,0.0,0.0
00219,2.0,6.0,133,YN,CC,False,right,True,0.3837152998894453,False,,,,True,0.019905358527674843,,,
,,,133,WM_probe,CC,,4,True,0.891187900211662,False,,,,True,,4.0,0.0,0.0
00219,2.0,6.0,134,YN,CI,False,right,True,0.40387620008550584,False,,,,True,0.025059361681363596,,,
,,,134,WM_probe,CI,,1,True,1.1347063998691738,False,,,,True,,1.0,0.0,0.0
00219,2.0,6.0,135,YN,CC,False,right,True,0.5027592000551522,False,,,,True,0.019905358527674843,,,
,,,135,WM_probe,CC,,3,True,1.3737947999034077,False,,,,True,,3.0,0.0,0.0
00219,2.0,6.0,136,YN,CC,True,right,False,0.4538102000951767,False,,,,False,0.019905358527674843,,,
,,,136,WM_probe,CC,,4,True,2.0870456998236477,False,,,,True,,4.0,0.0,0.0
00219,2.0,6.0,137,YN,CC,False,right,True,0.5719229998067021,False,,,,True,0.019905358527674843,,,
,,,137,WM_probe,CC,,2,True,2.3313021999783814,False,,,,True,,2.0,0.0,0.0
00219,2.0,6.0,138,YN,CC,False,right,True,0.48148489999584854,False,,,,True,0.019905358527674843,,,
,,,138,WM_probe,CC,,4,True,0.8480930000077933,False,,,,True,,4.0,0.0,0.0
00219,2.0,6.0,139,YN,CC,True,right,False,0.5432655001059175,False,,,,False,0.019905358527674843,,,
,,,139,WM_probe,CC,,2,False,1.4913212000392377,False,,,,False,,1.0,0.0,0.0
00219,2.0,6.0,140,YN,SC,True,right,False,0.4325724998489022,False,,,,False,0.03971641173621406,,,
,,,140,WM_probe,SC,,2,True,1.6504325000569224,False,,,,True,,2.0,0.0,0.0
00219,2.0,6.0,141,YN,SC,True,right,False,0.4483256000094116,False,,,,False,0.03971641173621406,,,
,,,141,WM_probe,SC,,no_response,False,,True,4,0.0008469999302178621,True,True,,4.0,0.0,0.0
00219,2.0,6.0,142,YN,CC,False,right,True,0.48889959999360144,False,,,,True,0.019905358527674843,,,
,,,142,WM_probe,CC,,3,True,1.3574955000076443,False,,,,True,,3.0,0.0,0.0
00219,2.0,6.0,143,YN,CI,True,right,False,0.4428002000786364,False,,,,False,0.025059361681363596,,,
,,,143,WM_probe,CI,,3,True,1.2133301000576466,False,,,,True,,3.0,0.0,0.0
00219,2.0,6.0,144,YN,CI,True,right,False,0.36479240003973246,False,,,,False,0.025059361681363596,,,
,,,144,WM_probe,CI,,3,True,1.0476176999509335,False,,,,True,,3.0,0.0,0.0
00219,2.0,6.0,145,YN,CI,True,right,False,0.5723852999508381,False,,,,False,0.025059361681363596,,,
,,,145,WM_probe,CI,,4,True,0.7975297998636961,False,,,,True,,4.0,0.0,0.0
00219,2.0,6.0,146,YN,CI,False,right,True,0.5664142000023276,False,,,,True,0.025059361681363596,,,
,,,146,WM_probe,CI,,3,True,1.2144379999954253,False,,,,True,,3.0,0.0,0.0
00219,2.0,6.0,147,YN,SC,False,right,True,0.46109260013327,False,,,,True,0.03971641173621406,,,
,,,147,WM_probe,SC,,1,True,1.155104999896139,False,,,,True,,1.0,0.0,0.0
00219,2.0,6.0,148,YN,SC,True,left,True,0.5398953000549227,False,,,,True,0.03971641173621406,,,
,,,148,WM_probe,SC,,2,True,1.2024314999580383,False,,,,True,,2.0,0.0,0.0
00219,2.0,6.0,149,YN,SC,True,left,True,0.37926790001802146,False,,,,True,0.03971641173621406,,,
,,,149,WM_probe,SC,,3,True,0.9175984000321478,False,,,,True,,3.0,0.0,0.0
00219,2.0,6.0,150,YN,CI,True,right,False,0.4221099999267608,False,,,,False,0.025059361681363596,,,
,,,150,WM_probe,CI,,1,True,1.277403799816966,False,,,,True,,1.0,0.0,0.0
00219,2.0,6.0,151,YN,CC,False,right,True,0.2994425999931991,False,,,,True,0.019905358527674843,,,
,,,151,WM_probe,CC,,4,True,1.2679242000449449,False,,,,True,,4.0,0.0,0.0
00219,2.0,6.0,152,YN,CC,False,right,True,0.6219387000892311,False,,,,True,0.019905358527674843,,,
,,,152,WM_probe,CC,,2,True,1.680612999945879,False,,,,True,,2.0,0.0,0.0
00219,2.0,6.0,153,YN,CI,False,right,True,0.4311110000126064,False,,,,True,0.025059361681363596,,,
,,,153,WM_probe,CI,,3,True,1.0975206000730395,False,,,,True,,3.0,0.0,0.0
00219,2.0,6.0,154,YN,CI,True,right,False,0.5240561999380589,False,,,,False,0.025059361681363596,,,
,,,154,WM_probe,CI,,2,True,1.5264544999226928,False,,,,True,,2.0,0.0,0.0
00219,2.0,6.0,155,YN,CI,True,right,False,0.39502219995483756,False,,,,False,0.025059361681363596,,,
,,,155,WM_probe,CI,,4,True,1.0083876999560744,False,,,,True,,4.0,0.0,0.0
00219,2.0,6.0,156,YN,SC,False,right,True,0.6348636001348495,False,,,,True,0.03971641173621406,,,
,,,156,WM_probe,SC,,1,True,1.5553023000247777,False,,,,True,,1.0,0.0,0.0
00219,2.0,6.0,157,YN,CI,False,right,True,0.30806749989278615,False,,,,True,0.025059361681363596,,,
,,,157,WM_probe,CI,,2,False,1.3664887000340968,False,,,,False,,1.0,0.0,0.0
00219,2.0,6.0,158,YN,CC,True,right,False,0.4380559998098761,False,,,,False,0.019905358527674843,,,
,,,158,WM_probe,CC,,2,True,1.8090824000537395,False,,,,True,,2.0,0.0,0.0
00219,2.0,6.0,159,YN,CI,False,right,True,0.4053927999921143,False,,,,True,0.025059361681363596,,,
,,,159,WM_probe,CI,,4,True,0.9582539000548422,False,,,,True,,4.0,0.0,0.0
00219,2.0,6.0,160,YN,SC,False,right,True,0.4741370000410825,False,,,,True,0.03971641173621406,,,
,,,160,WM_probe,SC,,3,True,0.9665163999889046,False,,,,True,,3.0,0.0,0.0
00219,2.0,6.0,161,YN,CC,True,right,False,0.720178100047633,False,,,,False,0.019905358527674843,,,
,,,161,WM_probe,CC,,4,True,1.4233846000861377,False,,,,True,,4.0,0.0,0.0
00219,2.0,6.0,162,YN,CI,True,right,False,0.7386780998203903,False,,,,False,0.025059361681363596,,,
,,,162,WM_probe,CI,,4,False,0.8537315998692065,False,,,,False,,2.0,0.0,0.0
00219,2.0,6.0,163,YN,CI,False,right,True,0.39995099999941885,False,,,,True,0.025059361681363596,,,
,,,163,WM_probe,CI,,1,True,1.2271738999988884,False,,,,True,,1.0,0.0,0.0
00219,2.0,6.0,164,YN,CI,True,right,False,0.504709400003776,False,,,,False,0.025059361681363596,,,
,,,164,WM_probe,CI,,3,True,1.367248599883169,False,,,,True,,3.0,0.0,0.0
00219,2.0,6.0,165,YN,CC,True,left,True,0.7211921000853181,False,,,,True,0.019905358527674843,,,
,,,165,WM_probe,CC,,4,True,1.368731199996546,False,,,,True,,4.0,0.0,0.0
00219,2.0,6.0,166,YN,SC,True,left,True,0.41503300005570054,False,,,,True,0.03971641173621406,,,
,,,166,WM_probe,SC,,1,True,1.505933600012213,False,,,,True,,1.0,0.0,0.0
00219,2.0,6.0,167,YN,SC,False,right,True,0.3855280999559909,False,,,,True,0.03971641173621406,,,
,,,167,WM_probe,SC,,3,True,0.8355268000159413,False,,,,True,,3.0,0.0,0.0
00219,2.0,6.0,168,YN,CC,True,right,False,0.5337802001740783,False,,,,False,0.019905358527674843,,,
,,,168,WM_probe,CC,,4,True,0.8369978000409901,False,,,,True,,4.0,0.0,0.0
00219,2.0,6.0,169,YN,SC,False,right,True,0.42778329993598163,False,,,,True,0.03971641173621406,,,
,,,169,WM_probe,SC,,4,True,0.8505794999655336,False,,,,True,,4.0,0.0,0.0
00219,2.0,6.0,170,YN,SC,False,right,True,0.4704311001114547,False,,,,True,0.03971641173621406,,,
,,,170,WM_probe,SC,,1,True,1.6798469999339432,False,,,,True,,1.0,0.0,0.0
00219,2.0,6.0,171,YN,CI,False,right,True,0.454042199999094,False,,,,True,0.025059361681363596,,,
,,,171,WM_probe,CI,,4,True,0.8985957999248058,False,,,,True,,4.0,0.0,0.0
00219,2.0,6.0,172,YN,CC,False,right,True,0.4377882000990212,False,,,,True,0.019905358527674843,,,
,,,172,WM_probe,CC,,2,True,1.347736399853602,False,,,,True,,2.0,0.0,0.0
00219,2.0,6.0,173,YN,SC,False,right,True,0.3917783999349922,False,,,,True,0.03971641173621406,,,
,,,173,WM_probe,SC,,4,True,1.1983403000049293,False,,,,True,,4.0,0.0,0.0
00219,2.0,6.0,174,YN,CC,True,right,False,0.4330468000844121,False,,,,False,0.019905358527674843,,,
,,,174,WM_probe,CC,,4,True,1.5296552998479456,False,,,,True,,4.0,0.0,0.0
00219,2.0,6.0,175,YN,CC,True,right,False,0.45236849994398654,False,,,,False,0.019905358527674843,,,
,,,175,WM_probe,CC,,3,True,0.8988365000113845,False,,,,True,,3.0,0.0,0.0
00219,2.0,6.0,176,YN,CC,True,left,True,0.6144417999312282,False,,,,True,0.019905358527674843,,,
,,,176,WM_probe,CC,,2,True,1.3842578998301178,False,,,,True,,2.0,0.0,0.0
00219,2.0,6.0,177,YN,CC,True,right,False,0.397999299922958,False,,,,False,0.019905358527674843,,,
,,,177,WM_probe,CC,,1,False,2.3512667000759393,False,,,,False,,2.0,0.0,0.0
00219,2.0,6.0,178,YN,CC,False,left,False,0.5270090999547392,False,,,,False,0.019905358527674843,,,
,,,178,WM_probe,CC,,1,True,1.308075699955225,False,,,,True,,1.0,0.0,0.0
00219,2.0,6.0,179,YN,CC,False,right,True,0.5139857998583466,False,,,,True,0.019905358527674843,,,
,,,179,WM_probe,CC,,1,True,1.492723099887371,False,,,,True,,1.0,0.0,0.0
00219,2.0,6.0,180,YN,CC,True,right,False,0.5134043002035469,False,,,,False,0.019905358527674843,,,
,,,180,WM_probe,CC,,4,False,0.8289888999424875,False,,,,False,,2.0,0.0,0.0
00219,2.0,6.0,181,YN,SC,True,left,True,0.5229380000382662,False,,,,True,0.03971641173621406,,,
,,,181,WM_probe,SC,,4,True,1.0749685000628233,False,,,,True,,4.0,0.0,0.0
00219,2.0,6.0,182,YN,CI,False,right,True,0.4239433999173343,False,,,,True,0.025059361681363596,,,
,,,182,WM_probe,CI,,2,True,1.4068493999075145,False,,,,True,,2.0,0.0,0.0
00219,2.0,6.0,183,YN,SC,False,right,True,0.38552349992096424,False,,,,True,0.03971641173621406,,,
,,,183,WM_probe,SC,,2,False,1.5242928001098335,False,,,,False,,1.0,1.0,0.0
00219,2.0,6.0,184,YN,SC,True,left,True,0.49379970016889274,False,,,,True,0.03971641173621406,,,
,,,184,WM_probe,SC,,4,True,1.189202800160274,False,,,,True,,4.0,0.0,0.0
00219,2.0,6.0,185,YN,CI,True,right,False,0.41319240001030266,False,,,,False,0.025059361681363596,,,
,,,185,WM_probe,CI,,1,True,1.724267299985513,False,,,,True,,1.0,0.0,0.0
00219,2.0,6.0,186,YN,CC,False,right,True,0.5716423999983817,False,,,,True,0.019905358527674843,,,
,,,186,WM_probe,CC,,4,False,1.8770975000225008,False,,,,False,,2.0,0.0,0.0
00219,2.0,6.0,187,YN,SC,False,right,True,0.4571696000639349,False,,,,True,0.03971641173621406,,,
,,,187,WM_probe,SC,,3,True,1.6100977999158204,False,,,,True,,3.0,0.0,0.0
00219,2.0,6.0,188,YN,SC,False,right,True,0.5309687999542803,False,,,,True,0.03971641173621406,,,
,,,188,WM_probe,SC,,1,True,1.3173756001051515,False,,,,True,,1.0,0.0,0.0
00219,2.0,6.0,189,YN,SC,True,left,True,0.5115668999496847,False,,,,True,0.03971641173621406,,,
,,,189,WM_probe,SC,,2,True,1.0769099998287857,False,,,,True,,2.0,0.0,0.0
00219,2.0,6.0,190,YN,CC,True,right,False,0.3573298000264913,False,,,,False,0.019905358527674843,,,
,,,190,WM_probe,CC,,2,True,1.6756545999087393,False,,,,True,,2.0,0.0,0.0
00219,2.0,6.0,191,YN,SC,False,right,True,0.4555943999439478,False,,,,True,0.03971641173621406,,,
,,,191,WM_probe,SC,,1,True,0.8689411000814289,False,,,,True,,1.0,0.0,0.0
00219,2.0,6.0,192,YN,CC,True,right,False,0.381937799975276,False,,,,False,0.019905358527674843,,,
,,,192,WM_probe,CC,,1,True,1.4229913000017405,False,,,,True,,1.0,0.0,0.0
00219,2.0,6.0,193,YN,SC,False,right,True,0.4119840001221746,False,,,,True,0.03971641173621406,,,
,,,193,WM_probe,SC,,1,True,2.48349849996157,False,,,,True,,1.0,0.0,0.0
00219,2.0,6.0,194,YN,CC,True,right,False,0.3135863000061363,False,,,,False,0.019905358527674843,,,
,,,194,WM_probe,CC,,3,True,1.0497430001851171,False,,,,True,,3.0,0.0,0.0
00219,2.0,6.0,195,YN,CC,False,right,True,0.23085699998773634,False,,,,True,0.019905358527674843,,,
,,,195,WM_probe,CC,,4,False,2.1133781999815255,False,,,,False,,1.0,0.0,0.0
00219,2.0,6.0,196,YN,SC,False,right,True,0.3515864999499172,False,,,,True,0.03971641173621406,,,
,,,196,WM_probe,SC,,4,True,0.9639728001784533,False,,,,True,,4.0,0.0,0.0
00219,2.0,6.0,197,YN,CI,True,right,False,0.4250365002080798,False,,,,False,0.025059361681363596,,,
,,,197,WM_probe,CI,,4,True,1.0680855999235064,False,,,,True,,4.0,0.0,0.0
00219,2.0,6.0,198,YN,CI,False,right,True,0.4101902998518199,False,,,,True,0.025059361681363596,,,
,,,198,WM_probe,CI,,2,False,2.211836999980733,False,,,,False,,1.0,0.0,0.0
