Experiment,Subject,Condition,meta_da,da,M_ratio
Experiment 1,00139,SC,1.038,2.31,0.44935064935064933
Experiment 1,00139,CC,1.097,2.311,0.4746862829943747
Experiment 1,00139,CI,1.103,1.815,0.6077134986225895
Experiment 1,00173,SC,0.945,1.549,0.6100710135571337
Experiment 1,00173,CC,1.498,1.344,1.1145833333333333
Experiment 1,00173,CI,2.461,1.278,1.9256651017214397
Experiment 1,00210,SC,1.889,1.298,1.455315870570108
Experiment 1,00210,CC,2.263,1.41,1.6049645390070921
Experiment 1,00210,CI,1.439,1.416,1.0162429378531075
Experiment 1,00212,SC,0.921,1.473,0.6252545824847251
Experiment 1,00212,CC,1.366,1.17,1.1675213675213676
Experiment 1,00212,CI,1.278,1.224,1.0441176470588236
Experiment 1,00216,SC,1.191,1.546,0.7703751617076326
Experiment 1,00216,CC,1.313,1.416,0.9272598870056498
Experiment 1,00216,CI,1.131,1.613,0.7011779293242405
Experiment 1,00217,SC,1.172,1.356,0.8643067846607668
Experiment 1,00217,CC,1.013,1.358,0.7459499263622974
Experiment 1,00217,CI,1.027,1.442,0.7122052704576977
Experiment 1,00218,SC,1.312,1.43,0.9174825174825175
Experiment 1,00218,CC,0.782,1.675,0.46686567164179105
Experiment 1,00218,CI,1.156,1.06,1.0905660377358488
Experiment 1,00219,SC,1.112,1.702,0.6533490011750882
Experiment 1,00219,CC,1.023,1.753,0.5835710211066742
Experiment 1,00219,CI,1.282,1.587,0.8078134845620668
Experiment 1,00220,SC,1.126,1.139,0.9885864793678665
Experiment 1,00220,CC,0.835,1.297,0.643793369313801
Experiment 1,00220,CI,1.183,1.601,0.7389131792629607
Experiment 1,00222,SC,0.736,1.463,0.5030758714969241
Experiment 1,00222,CC,1.096,1.479,0.7410412440838404
Experiment 1,00222,CI,1.04,1.645,0.6322188449848024
Experiment 1,00223,SC,1.208,1.468,0.8228882833787465
Experiment 1,00223,CC,1.679,1.634,1.0275397796817627
Experiment 1,00223,CI,1.151,1.497,0.7688710754843019
Experiment 1,00224,SC,1.645,1.734,0.9486735870818916
Experiment 1,00224,CC,1.803,1.614,1.1171003717472119
Experiment 1,00224,CI,1.163,1.74,0.6683908045977012
Experiment 1,00225,SC,0.938,1.593,0.588826114249843
Experiment 1,00225,CC,1.307,1.823,0.7169500822819528
Experiment 1,00225,CI,1.002,1.484,0.6752021563342319
Experiment 1,00226,SC,1.069,1.554,0.6879021879021878
Experiment 1,00226,CC,0.955,2.038,0.4685966633954858
Experiment 1,00226,CI,0.849,1.783,0.47616376892877177
Experiment 1,00227,SC,0.647,1.687,0.38352104327208064
Experiment 1,00227,CC,2.38,2.076,1.1464354527938343
Experiment 1,00227,CI,1.385,1.323,1.0468631897203327
Experiment 1,00228,SC,0.785,1.612,0.4869727047146402
Experiment 1,00228,CC,0.985,1.432,0.6878491620111732
Experiment 1,00228,CI,1.065,1.436,0.7416434540389972
Experiment 2,000087,SC,0.735,1.418,0.5183356840620592
Experiment 2,000087,CC,0.973,1.381,0.7045619116582187
Experiment 2,000087,CI,0.642,1.392,0.4612068965517242
Experiment 2,00024,SC,0.768,1.592,0.4824120603015075
Experiment 2,00024,CC,0.903,1.612,0.5601736972704714
Experiment 2,00024,CI,0.955,1.661,0.5749548464780253
Experiment 2,00030,SC,1.099,1.843,0.5963103635377103
Experiment 2,00030,CC,1.145,1.4,0.817857142857143
Experiment 2,00030,CI,1.05,1.222,0.8592471358428806
Experiment 2,00074,SC,1.092,1.69,0.6461538461538462
Experiment 2,00074,CC,1.035,2.098,0.49332697807435655
Experiment 2,00074,CI,1.019,1.285,0.7929961089494163
Experiment 2,00081,SC,0.82,1.148,0.7142857142857143
Experiment 2,00081,CC,0.938,1.206,0.7777777777777778
Experiment 2,00081,CI,0.753,1.319,0.5708870356330553
Experiment 2,00089,SC,0.762,1.499,0.5083388925950634
Experiment 2,00089,CC,0.872,1.553,0.5614938828074695
Experiment 2,00089,CI,1.027,1.437,0.7146833681280444
Experiment 2,00091,SC,1.203,1.329,0.9051918735891649
Experiment 2,00091,CC,1.039,1.698,0.6118963486454653
Experiment 2,00091,CI,0.961,1.525,0.6301639344262295
Experiment 2,00093,SC,1.119,1.545,0.7242718446601942
Experiment 2,00093,CC,0.873,2.186,0.39935956084172003
Experiment 2,00093,CI,1.182,1.79,0.6603351955307262
Experiment 2,00094,SC,1.047,1.644,0.6368613138686131
Experiment 2,00094,CC,1.27,1.594,0.7967377666248431
Experiment 2,00094,CI,0.999,1.257,0.7947494033412889
Experiment 2,00096,SC,0.958,1.171,0.8181041844577284
Experiment 2,00096,CC,0.901,1.497,0.6018704074816299
Experiment 2,00096,CI,0.845,1.226,0.6892332789559543
Experiment 2,00097,SC,0.76,1.505,0.504983388704319
Experiment 2,00097,CC,0.775,1.581,0.4901960784313726
Experiment 2,00097,CI,0.839,1.375,0.6101818181818182
Experiment 2,00098,SC,1.945,1.308,1.4870030581039755
Experiment 2,00098,CC,1.388,1.278,1.086071987480438
Experiment 2,00098,CI,1.157,1.204,0.9609634551495018
Experiment 2,00099,SC,1.018,1.914,0.5318704284221526
Experiment 2,00099,CC,0.747,1.512,0.49404761904761907
Experiment 2,00099,CI,1.151,1.465,0.7856655290102389
Experiment 2,00100,SC,1.234,1.434,0.8605299860529987
Experiment 2,00100,CC,0.91,1.443,0.6306306306306306
Experiment 2,00100,CI,1.027,1.305,0.7869731800766283
Experiment 2,00102,SC,1.23,1.819,0.6761957119296317
Experiment 2,00102,CC,1.095,1.754,0.6242873432155074
Experiment 2,00102,CI,1.121,1.665,0.6732732732732732
Experiment 2,00105,SC,0.96,1.527,0.6286836935166994
Experiment 2,00105,CC,0.883,1.601,0.551530293566521
Experiment 2,00105,CI,0.682,2.143,0.3182454503033132
Preliminary Experiment,00003,SC,1.136,1.495,0.7598662207357858
Preliminary Experiment,00003,CC,1.34,1.444,0.9279778393351802
Preliminary Experiment,00003,CI,2.458,1.776,1.3840090090090091
Preliminary Experiment,00038,SC,0.683,1.598,0.42740926157697123
Preliminary Experiment,00038,CC,0.93,2.099,0.44306812767984755
Preliminary Experiment,00038,CI,1.001,1.912,0.5235355648535565
Preliminary Experiment,00051,SC,1.943,1.274,1.5251177394034536
Preliminary Experiment,00051,CC,1.13,1.839,0.6144643828167482
Preliminary Experiment,00051,CI,0.842,1.932,0.4358178053830228
Preliminary Experiment,00052,SC,1.134,1.955,0.5800511508951406
Preliminary Experiment,00052,CC,1.377,2.065,0.6668280871670702
Preliminary Experiment,00052,CI,1.414,1.941,0.7284904688304997
Preliminary Experiment,00054,SC,1.085,1.712,0.6337616822429907
Preliminary Experiment,00054,CC,1.16,1.926,0.6022845275181724
Preliminary Experiment,00054,CI,1.155,1.865,0.6193029490616622
Preliminary Experiment,00060,SC,1.163,2.378,0.4890664423885618
Preliminary Experiment,00060,CC,1.346,1.897,0.7095413811280971
Preliminary Experiment,00060,CI,1.495,2.149,0.6956724057701257
Preliminary Experiment,00061,SC,1.214,1.839,0.6601413811854269
Preliminary Experiment,00061,CC,1.168,1.765,0.6617563739376771
Preliminary Experiment,00061,CI,1.1,1.676,0.6563245823389022
Preliminary Experiment,00068,SC,1.165,1.856,0.6276939655172413
Preliminary Experiment,00068,CC,1.219,1.488,0.819220430107527
Preliminary Experiment,00068,CI,1.333,1.469,0.9074200136147038
Preliminary Experiment,00071,SC,0.894,1.452,0.615702479338843
Preliminary Experiment,00071,CC,0.82,1.553,0.5280103026400516
Preliminary Experiment,00071,CI,2.015,1.291,1.5608055770720373
Preliminary Experiment,00130,SC,1.217,2.117,0.5748700991969768
Preliminary Experiment,00130,CC,0.965,2.098,0.4599618684461392
Preliminary Experiment,00130,CI,1.185,2.252,0.5261989342806395
Preliminary Experiment,00161,SC,0.945,1.522,0.6208935611038108
Preliminary Experiment,00161,CC,0.843,1.455,0.579381443298969
Preliminary Experiment,00161,CI,1.279,1.562,0.8188220230473751
Preliminary Experiment,00162,SC,1.047,1.649,0.6349302607640994
Preliminary Experiment,00162,CC,0.981,1.68,0.5839285714285715
Preliminary Experiment,00162,CI,1.056,1.372,0.7696793002915452
Preliminary Experiment,00193,SC,0.836,1.558,0.5365853658536585
Preliminary Experiment,00193,CC,0.867,1.355,0.6398523985239852
Preliminary Experiment,00193,CI,1.299,1.525,0.8518032786885246
Preliminary Experiment,00200,SC,0.918,1.701,0.5396825396825397
Preliminary Experiment,00200,CC,0.931,1.486,0.626514131897712
Preliminary Experiment,00200,CI,1.199,1.517,0.7903757415952539
Preliminary Experiment,00201,SC,0.988,1.777,0.5559932470455825
Preliminary Experiment,00201,CC,0.824,1.907,0.43209229155742
Preliminary Experiment,00201,CI,1.309,1.489,0.8791134989926124
Preliminary Experiment,00202,SC,1.048,1.54,0.6805194805194805
Preliminary Experiment,00202,CC,0.82,1.65,0.49696969696969695
Preliminary Experiment,00202,CI,1.126,1.477,0.7623561272850371
