Trial,Task,Category,FacePresent,Response,Correct,RT,NoResponse,LateResponse,LateResponseRT,LateCorrect,Combined_Correct,Contrast,Replaced,PTC,PTR
1,2IFC,SC,,left,False,0.4141581002622843,False,,,,False,0.049999999999999996,,,
1,WM_probe,SC,,3,True,1.6430034004151821,False,,,,True,,3.0,0.0,0.0
2,2IFC,CI,,left,True,0.2986361999064684,False,,,,True,0.049999999999999996,,,
2,WM_probe,CI,,1,False,1.9591931011527777,False,,,,False,,3.0,0.0,0.0
3,2IFC,CI,,left,False,0.3822758998721838,False,,,,False,0.03971641173621406,,,
3,WM_probe,CI,,1,True,1.6356779001653194,False,,,,True,,1.0,0.0,0.0
4,2IFC,SC,,right,True,0.6788669992238283,False,,,,True,0.06294627058970836,,,
4,WM_probe,SC,,3,False,1.5812699012458324,False,,,,False,,1.0,1.0,0.0
5,2IFC,SC,,right,True,0.4303341004997492,False,,,,True,0.049999999999999996,,,
5,WM_probe,SC,,3,False,1.6533051002770662,False,,,,False,,1.0,1.0,0.0
6,2IFC,CI,,left,True,0.45378939993679523,False,,,,True,0.049999999999999996,,,
6,WM_probe,CI,,4,False,1.677718199789524,False,,,,False,,3.0,0.0,0.0
7,2IFC,CC,,left,True,0.37865709885954857,False,,,,True,0.049999999999999996,,,
7,WM_probe,CC,,3,False,1.6105836015194654,False,,,,False,,4.0,0.0,0.0
8,2IFC,SC,,left,True,0.47293420135974884,False,,,,True,0.049999999999999996,,,
8,WM_probe,SC,,4,True,1.8586846999824047,False,,,,True,,4.0,0.0,0.0
9,2IFC,CC,,right,True,0.3536024000495672,False,,,,True,0.03971641173621406,,,
9,WM_probe,CC,,4,True,1.6181324999779463,False,,,,True,,4.0,0.0,0.0
10,2IFC,CC,,left,True,0.410478001460433,False,,,,True,0.031547867224009644,,,
10,WM_probe,CC,,2,True,1.4597504008561373,False,,,,True,,2.0,0.0,0.0
11,2IFC,CC,,left,True,0.38928860053420067,False,,,,True,0.025059361681363596,,,
11,WM_probe,CC,,4,False,1.5941701997071505,False,,,,False,,3.0,0.0,0.0
12,2IFC,SC,,left,True,0.33508860133588314,False,,,,True,0.049999999999999996,,,
12,WM_probe,SC,,3,False,1.5158645007759333,False,,,,False,,2.0,1.0,0.0
13,2IFC,CC,,right,False,0.8144339006394148,False,,,,False,0.019905358527674843,,,
13,WM_probe,CC,,2,False,1.9228824991732836,False,,,,False,,4.0,0.0,0.0
14,2IFC,SC,,left,True,0.3540742006152868,False,,,,True,0.03971641173621406,,,
14,WM_probe,SC,,3,True,1.3168435990810394,False,,,,True,,3.0,0.0,0.0
15,2IFC,SC,,no_response,False,,True,left,0.0003258008509874344,True,True,0.03971641173621406,,,
15,WM_probe,SC,,3,True,1.2036972995847464,False,,,,True,,3.0,0.0,0.0
16,2IFC,CC,,right,True,0.33229029923677444,False,,,,True,0.025059361681363596,,,
16,WM_probe,CC,,2,False,1.499661998823285,False,,,,False,,4.0,0.0,0.0
17,2IFC,CC,,left,False,0.4006689004600048,False,,,,False,0.025059361681363596,,,
17,WM_probe,CC,,1,True,0.9705769997090101,False,,,,True,,1.0,0.0,0.0
18,2IFC,SC,,right,True,0.3116814997047186,False,,,,True,0.049999999999999996,,,
18,WM_probe,SC,,1,False,1.6040246989578009,False,,,,False,,4.0,1.0,0.0
19,2IFC,CI,,left,True,0.3739736992865801,False,,,,True,0.049999999999999996,,,
19,WM_probe,CI,,1,True,1.2930397000163794,False,,,,True,,1.0,0.0,0.0
20,2IFC,CC,,right,True,0.46207259967923164,False,,,,True,0.031547867224009644,,,
20,WM_probe,CC,,3,False,1.9169479999691248,False,,,,False,,4.0,0.0,0.0
21,2IFC,CI,,left,True,0.3592786993831396,False,,,,True,0.049999999999999996,,,
21,WM_probe,CI,,3,False,1.7094311006367207,False,,,,False,,2.0,0.0,0.0
22,2IFC,SC,,right,True,0.21428969874978065,False,,,,True,0.049999999999999996,,,
22,WM_probe,SC,,4,True,1.1875794008374214,False,,,,True,,4.0,0.0,0.0
23,2IFC,SC,,left,True,0.28376759961247444,False,,,,True,0.049999999999999996,,,
23,WM_probe,SC,,2,False,1.8555820006877184,False,,,,False,,3.0,0.0,1.0
24,2IFC,CI,,right,True,0.3185727000236511,False,,,,True,0.03971641173621406,,,
24,WM_probe,CI,,1,True,0.8773669004440308,False,,,,True,,1.0,0.0,0.0
25,2IFC,SC,,right,True,0.2823259998112917,False,,,,True,0.03971641173621406,,,
25,WM_probe,SC,,3,False,1.4532312005758286,False,,,,False,,4.0,1.0,0.0
26,2IFC,CC,,left,True,0.6514283008873463,False,,,,True,0.031547867224009644,,,
26,WM_probe,CC,,2,True,1.803464900702238,False,,,,True,,2.0,0.0,0.0
27,2IFC,SC,,left,True,0.1619350016117096,False,,,,True,0.03971641173621406,,,
27,WM_probe,SC,,2,False,1.5657723005861044,False,,,,False,,4.0,1.0,0.0
28,2IFC,CI,,left,True,0.3500473015010357,False,,,,True,0.03971641173621406,,,
28,WM_probe,CI,,1,True,1.1296718008816242,False,,,,True,,1.0,0.0,0.0
29,2IFC,CC,,right,False,0.6028965003788471,False,,,,False,0.031547867224009644,,,
29,WM_probe,CC,,2,True,2.022425400093198,False,,,,True,,2.0,0.0,0.0
30,2IFC,SC,,left,True,0.25308189913630486,False,,,,True,0.03971641173621406,,,
30,WM_probe,SC,,1,True,1.6416370999068022,False,,,,True,,1.0,0.0,0.0
31,2IFC,CI,,right,True,0.38996409997344017,False,,,,True,0.03971641173621406,,,
31,WM_probe,CI,,3,False,1.8430298008024693,False,,,,False,,2.0,0.0,0.0
32,2IFC,CC,,left,True,0.27576399967074394,False,,,,True,0.03971641173621406,,,
32,WM_probe,CC,,2,False,2.0519245006144047,False,,,,False,,1.0,0.0,0.0
33,2IFC,CC,,left,False,0.3459206987172365,False,,,,False,0.03971641173621406,,,
33,WM_probe,CC,,3,True,1.5594049002975225,False,,,,True,,3.0,0.0,0.0
34,2IFC,CI,,left,True,0.5454376991838217,False,,,,True,0.031547867224009644,,,
34,WM_probe,CI,,1,True,1.620464600622654,False,,,,True,,1.0,0.0,0.0
35,2IFC,SC,,left,True,0.262669799849391,False,,,,True,0.031547867224009644,,,
35,WM_probe,SC,,4,True,2.0204339995980263,False,,,,True,,4.0,0.0,0.0
36,2IFC,CI,,left,True,0.6928880997002125,False,,,,True,0.031547867224009644,,,
36,WM_probe,CI,,3,True,1.7715658992528915,False,,,,True,,3.0,0.0,0.0
37,2IFC,CI,,right,True,0.4315450005233288,False,,,,True,0.031547867224009644,,,
37,WM_probe,CI,,2,False,2.2471041996032,False,,,,False,,3.0,0.0,0.0
38,2IFC,CC,,left,True,0.14938220009207726,False,,,,True,0.049999999999999996,,,
38,WM_probe,CC,,4,False,1.24264569953084,False,,,,False,,2.0,0.0,0.0
39,2IFC,SC,,right,True,0.3106482997536659,False,,,,True,0.031547867224009644,,,
39,WM_probe,SC,,2,True,1.0424468982964754,False,,,,True,,2.0,0.0,0.0
40,2IFC,SC,,left,False,0.35588779859244823,False,,,,False,0.031547867224009644,,,
40,WM_probe,SC,,2,True,1.763815499842167,False,,,,True,,2.0,0.0,0.0
41,2IFC,CI,,right,False,0.4309411998838186,False,,,,False,0.025059361681363596,,,
41,WM_probe,CI,,3,False,1.224949199706316,False,,,,False,,4.0,0.0,0.0
42,2IFC,CI,,left,True,0.35959159955382347,False,,,,True,0.031547867224009644,,,
42,WM_probe,CI,,1,True,1.926094301044941,False,,,,True,,1.0,0.0,0.0
43,2IFC,CI,,right,True,0.3222003001719713,False,,,,True,0.031547867224009644,,,
43,WM_probe,CI,,2,True,1.0951487012207508,False,,,,True,,2.0,0.0,0.0
44,2IFC,CC,,right,True,0.22784770093858242,False,,,,True,0.049999999999999996,,,
44,WM_probe,CC,,no_response,False,,True,3,0.006777500733733177,True,True,,3.0,0.0,0.0
45,2IFC,CI,,left,True,0.3704150002449751,False,,,,True,0.031547867224009644,,,
45,WM_probe,CI,,2,False,1.555978400632739,False,,,,False,,3.0,0.0,0.0
46,2IFC,CI,,right,False,0.70603839866817,False,,,,False,0.025059361681363596,,,
46,WM_probe,CI,,2,True,1.0561707001179457,False,,,,True,,2.0,0.0,0.0
47,2IFC,CC,,left,True,0.3109689000993967,False,,,,True,0.049999999999999996,,,
47,WM_probe,CC,,3,True,1.7473772000521421,False,,,,True,,3.0,0.0,0.0
48,2IFC,CI,,right,False,0.436785701662302,False,,,,False,0.031547867224009644,,,
48,WM_probe,CI,,1,False,1.8226502984762192,False,,,,False,,4.0,0.0,0.0
49,2IFC,SC,,right,True,0.328217301517725,False,,,,True,0.03971641173621406,,,
49,WM_probe,SC,,4,True,1.4301187992095947,False,,,,True,,4.0,0.0,0.0
50,2IFC,CC,,right,True,0.28357189893722534,False,,,,True,0.03971641173621406,,,
50,WM_probe,CC,,3,True,1.1934427004307508,False,,,,True,,3.0,0.0,0.0
51,2IFC,CI,,right,True,0.2780104000121355,False,,,,True,0.03971641173621406,,,
51,WM_probe,CI,,4,True,1.671390699222684,False,,,,True,,4.0,0.0,0.0
52,2IFC,CC,,left,True,0.1495037004351616,False,,,,True,0.03971641173621406,,,
52,WM_probe,CC,,4,False,2.3839538004249334,False,,,,False,,1.0,0.0,0.0
53,2IFC,SC,,right,True,0.38553329929709435,False,,,,True,0.03971641173621406,,,
53,WM_probe,SC,,4,True,1.2541487999260426,False,,,,True,,4.0,0.0,0.0
54,2IFC,CC,,right,True,0.5357653014361858,False,,,,True,0.03971641173621406,,,
54,WM_probe,CC,,3,True,1.5248744990676641,False,,,,True,,3.0,0.0,0.0
55,2IFC,CI,,right,True,0.4719287008047104,False,,,,True,0.03971641173621406,,,
55,WM_probe,CI,,4,True,1.3256045002490282,False,,,,True,,4.0,0.0,0.0
56,2IFC,CI,,right,True,0.40584810078144073,False,,,,True,0.03971641173621406,,,
56,WM_probe,CI,,4,False,2.555755600333214,False,,,,False,,3.0,0.0,0.0
57,2IFC,SC,,right,True,0.2902199011296034,False,,,,True,0.03971641173621406,,,
57,WM_probe,SC,,2,False,1.7887364998459816,False,,,,False,,4.0,0.0,1.0
58,2IFC,SC,,right,False,0.6626302991062403,False,,,,False,0.031547867224009644,,,
58,WM_probe,SC,,3,False,1.707745499908924,False,,,,False,,1.0,1.0,0.0
59,2IFC,SC,,left,True,0.33692470006644726,False,,,,True,0.03971641173621406,,,
59,WM_probe,SC,,3,False,2.4195552989840508,False,,,,False,,4.0,0.0,1.0
60,2IFC,CI,,right,True,0.32348559983074665,False,,,,True,0.031547867224009644,,,
60,WM_probe,CI,,4,True,1.4075351003557444,False,,,,True,,4.0,0.0,0.0
61,2IFC,CC,,left,True,0.37190370075404644,False,,,,True,0.031547867224009644,,,
61,WM_probe,CC,,4,False,1.6367555987089872,False,,,,False,,2.0,0.0,0.0
62,2IFC,CI,,right,True,0.39804700016975403,False,,,,True,0.031547867224009644,,,
62,WM_probe,CI,,2,False,2.184043100103736,False,,,,False,,1.0,0.0,0.0
63,2IFC,CC,,left,True,0.44427450001239777,False,,,,True,0.031547867224009644,,,
63,WM_probe,CC,,3,False,2.004501398652792,False,,,,False,,1.0,0.0,0.0
64,2IFC,CC,,right,True,0.541194399818778,False,,,,True,0.031547867224009644,,,
64,WM_probe,CC,,4,False,1.515793301165104,False,,,,False,,3.0,0.0,0.0
65,2IFC,CC,,right,True,0.5118477996438742,False,,,,True,0.025059361681363596,,,
65,WM_probe,CC,,4,False,1.0741770006716251,False,,,,False,,2.0,0.0,0.0
66,2IFC,SC,,left,True,0.1909509003162384,False,,,,True,0.03971641173621406,,,
66,WM_probe,SC,,2,False,1.6935852002352476,False,,,,False,,4.0,1.0,0.0
67,2IFC,CC,,right,True,0.34308560006320477,False,,,,True,0.025059361681363596,,,
67,WM_probe,CC,,3,False,1.9669108018279076,False,,,,False,,4.0,0.0,0.0
68,2IFC,CI,,right,False,0.5884099993854761,False,,,,False,0.031547867224009644,,,
68,WM_probe,CI,,3,False,1.5393614005297422,False,,,,False,,2.0,0.0,0.0
69,2IFC,CI,,right,True,0.4383128993213177,False,,,,True,0.03971641173621406,,,
69,WM_probe,CI,,2,True,1.0613387990742922,False,,,,True,,2.0,0.0,0.0
70,2IFC,SC,,left,True,0.46786579862236977,False,,,,True,0.03971641173621406,,,
70,WM_probe,SC,,1,True,1.19749609939754,False,,,,True,,1.0,0.0,0.0
71,2IFC,CC,,right,True,0.5584759991616011,False,,,,True,0.025059361681363596,,,
71,WM_probe,CC,,1,True,1.8356867991387844,False,,,,True,,1.0,0.0,0.0
72,2IFC,CI,,left,True,0.34693350084125996,False,,,,True,0.03971641173621406,,,
72,WM_probe,CI,,1,False,1.7737413998693228,False,,,,False,,2.0,0.0,0.0
73,2IFC,SC,,left,True,0.34692499972879887,False,,,,True,0.031547867224009644,,,
73,WM_probe,SC,,4,True,1.4279145989567041,False,,,,True,,4.0,0.0,0.0
74,2IFC,SC,,left,False,0.36074040085077286,False,,,,False,0.031547867224009644,,,
74,WM_probe,SC,,2,True,2.0921928994357586,False,,,,True,,2.0,0.0,0.0
75,2IFC,SC,,left,True,0.31530800089240074,False,,,,True,0.03971641173621406,,,
75,WM_probe,SC,,2,False,1.8874816000461578,False,,,,False,,3.0,1.0,0.0
76,2IFC,SC,,left,True,0.23330890014767647,False,,,,True,0.03971641173621406,,,
76,WM_probe,SC,,1,True,1.5845589991658926,False,,,,True,,1.0,0.0,0.0
77,2IFC,CI,,left,True,0.7053564004600048,False,,,,True,0.03971641173621406,,,
77,WM_probe,CI,,4,True,1.304441500455141,False,,,,True,,4.0,0.0,0.0
78,2IFC,CI,,left,False,0.4612045995891094,False,,,,False,0.031547867224009644,,,
78,WM_probe,CI,,1,False,1.7429361008107662,False,,,,False,,2.0,0.0,0.0
79,2IFC,SC,,right,True,0.4686759002506733,False,,,,True,0.03971641173621406,,,
79,WM_probe,SC,,4,True,1.1847015004605055,False,,,,True,,4.0,0.0,0.0
80,2IFC,SC,,left,True,0.8214727994054556,False,,,,True,0.031547867224009644,,,
80,WM_probe,SC,,4,True,1.287984000518918,False,,,,True,,4.0,0.0,0.0
81,2IFC,CI,,left,True,0.4838298000395298,False,,,,True,0.03971641173621406,,,
81,WM_probe,CI,,1,True,1.3212762996554375,False,,,,True,,1.0,0.0,0.0
82,2IFC,CC,,right,False,0.7759706992655993,False,,,,False,0.019905358527674843,,,
82,WM_probe,CC,,2,True,1.8579695001244545,False,,,,True,,2.0,0.0,0.0
83,2IFC,CI,,left,True,0.41526539996266365,False,,,,True,0.03971641173621406,,,
83,WM_probe,CI,,4,False,1.7753999009728432,False,,,,False,,3.0,0.0,0.0
84,2IFC,CC,,left,True,0.36062850058078766,False,,,,True,0.025059361681363596,,,
84,WM_probe,CC,,4,True,1.767075700685382,False,,,,True,,4.0,0.0,0.0
85,2IFC,CC,,right,True,0.32489269971847534,False,,,,True,0.025059361681363596,,,
85,WM_probe,CC,,1,True,1.4934008996933699,False,,,,True,,1.0,0.0,0.0
86,2IFC,SC,,right,False,0.33540659956634045,False,,,,False,0.031547867224009644,,,
86,WM_probe,SC,,3,True,2.189903199672699,False,,,,True,,3.0,0.0,0.0
87,2IFC,CI,,left,True,0.4431684985756874,False,,,,True,0.03971641173621406,,,
87,WM_probe,CI,,3,True,1.9911570008844137,False,,,,True,,3.0,0.0,0.0
88,2IFC,CI,,left,True,0.5149651989340782,False,,,,True,0.031547867224009644,,,
88,WM_probe,CI,,1,False,1.843834700062871,False,,,,False,,2.0,0.0,0.0
89,2IFC,CI,,left,True,0.3298096004873514,False,,,,True,0.031547867224009644,,,
89,WM_probe,CI,,4,False,1.815208600834012,False,,,,False,,3.0,0.0,0.0
90,2IFC,CI,,left,True,0.46623179875314236,False,,,,True,0.031547867224009644,,,
90,WM_probe,CI,,4,False,2.126732198521495,False,,,,False,,3.0,0.0,0.0
91,2IFC,CI,,left,False,0.8577252998948097,False,,,,False,0.031547867224009644,,,
91,WM_probe,CI,,4,False,1.3365118000656366,False,,,,False,,3.0,0.0,0.0
92,2IFC,SC,,right,True,0.3826420996338129,False,,,,True,0.03971641173621406,,,
92,WM_probe,SC,,3,True,1.115591999143362,False,,,,True,,3.0,0.0,0.0
93,2IFC,CI,,left,True,0.516541101038456,False,,,,True,0.031547867224009644,,,
93,WM_probe,CI,,4,True,1.7523980997502804,False,,,,True,,4.0,0.0,0.0
94,2IFC,CC,,left,True,0.5219058003276587,False,,,,True,0.025059361681363596,,,
94,WM_probe,CC,,4,True,1.3012937009334564,False,,,,True,,4.0,0.0,0.0
95,2IFC,CC,,right,True,0.5639987010508776,False,,,,True,0.019905358527674843,,,
95,WM_probe,CC,,2,False,2.0045651998370886,False,,,,False,,1.0,0.0,0.0
96,2IFC,CI,,right,False,0.7493535000830889,False,,,,False,0.031547867224009644,,,
96,WM_probe,CI,,2,True,1.6702409014105797,False,,,,True,,2.0,0.0,0.0
97,2IFC,SC,,right,True,0.400221498683095,False,,,,True,0.03971641173621406,,,
97,WM_probe,SC,,2,True,1.5754976999014616,False,,,,True,,2.0,0.0,0.0
98,2IFC,SC,,left,True,0.45029119960963726,False,,,,True,0.03971641173621406,,,
98,WM_probe,SC,,3,False,1.579424999654293,False,,,,False,,2.0,1.0,0.0
99,2IFC,SC,,right,True,0.38503590039908886,False,,,,True,0.03971641173621406,,,
99,WM_probe,SC,,2,False,1.7788111008703709,False,,,,False,,1.0,0.0,1.0
100,YN,CC,False,right,True,0.5170361008495092,False,,,,True,0.019905358527674843,,,
100,WM_probe,CC,,4,False,1.9781232997775078,False,,,,False,,2.0,0.0,0.0
101,YN,SC,True,right,False,0.5595882013440132,False,,,,False,0.03971641173621406,,,
101,WM_probe,SC,,3,True,1.3502591010183096,False,,,,True,,3.0,0.0,0.0
102,YN,CI,False,right,True,0.538714000955224,False,,,,True,0.031547867224009644,,,
102,WM_probe,CI,,4,True,2.270600801333785,False,,,,True,,4.0,0.0,0.0
103,YN,SC,True,right,False,0.541218800470233,False,,,,False,0.03971641173621406,,,
103,WM_probe,SC,,1,True,1.6141713000833988,False,,,,True,,1.0,0.0,0.0
104,YN,CC,True,right,False,0.3860637005418539,False,,,,False,0.019905358527674843,,,
104,WM_probe,CC,,3,True,1.2998616993427277,False,,,,True,,3.0,0.0,0.0
105,YN,SC,False,right,True,0.45584880001842976,False,,,,True,0.03971641173621406,,,
105,WM_probe,SC,,1,True,2.4615545999258757,False,,,,True,,1.0,0.0,0.0
106,YN,CC,False,right,True,0.35803790017962456,False,,,,True,0.025059361681363596,,,
106,WM_probe,CC,,3,True,2.326139500364661,False,,,,True,,3.0,0.0,0.0
107,YN,CI,True,right,False,0.5891679003834724,False,,,,False,0.031547867224009644,,,
107,WM_probe,CI,,3,False,1.664631299674511,False,,,,False,,1.0,0.0,0.0
108,YN,CI,True,right,False,0.4348368011415005,False,,,,False,0.031547867224009644,,,
108,WM_probe,CI,,4,False,1.9330802001059055,False,,,,False,,3.0,0.0,0.0
109,YN,SC,False,right,True,0.4443753007799387,False,,,,True,0.03971641173621406,,,
109,WM_probe,SC,,4,True,1.2240992989391088,False,,,,True,,4.0,0.0,0.0
110,YN,SC,False,right,True,0.5289693009108305,False,,,,True,0.03971641173621406,,,
110,WM_probe,SC,,2,True,2.525031700730324,False,,,,True,,2.0,0.0,0.0
111,YN,CC,True,right,False,0.8716145008802414,False,,,,False,0.025059361681363596,,,
111,WM_probe,CC,,4,False,1.957660399377346,False,,,,False,,1.0,0.0,0.0
112,YN,CI,False,right,True,0.5632116999477148,False,,,,True,0.031547867224009644,,,
112,WM_probe,CI,,3,True,1.1624532993882895,False,,,,True,,3.0,0.0,0.0
113,YN,SC,True,left,True,0.6045827995985746,False,,,,True,0.03971641173621406,,,
113,WM_probe,SC,,3,False,2.2320601008832455,False,,,,False,,4.0,1.0,0.0
114,YN,CI,True,right,False,0.4653236009180546,False,,,,False,0.031547867224009644,,,
114,WM_probe,CI,,3,True,1.2203552015125751,False,,,,True,,3.0,0.0,0.0
115,YN,CI,False,right,True,0.481369499117136,False,,,,True,0.031547867224009644,,,
115,WM_probe,CI,,2,True,1.3106360007077456,False,,,,True,,2.0,0.0,0.0
116,YN,CI,True,right,False,0.5413537994027138,False,,,,False,0.031547867224009644,,,
116,WM_probe,CI,,4,True,1.335317000746727,False,,,,True,,4.0,0.0,0.0
117,YN,CC,True,right,False,0.6644497998058796,False,,,,False,0.025059361681363596,,,
117,WM_probe,CC,,3,False,2.0584535002708435,False,,,,False,,4.0,0.0,0.0
118,YN,CI,True,right,False,0.29027900099754333,False,,,,False,0.031547867224009644,,,
118,WM_probe,CI,,3,False,1.5378961004316807,False,,,,False,,1.0,0.0,0.0
119,YN,CC,False,right,True,0.5265440009534359,False,,,,True,0.025059361681363596,,,
119,WM_probe,CC,,4,True,1.1884844992309809,False,,,,True,,4.0,0.0,0.0
120,YN,CC,False,right,True,0.4690394997596741,False,,,,True,0.025059361681363596,,,
120,WM_probe,CC,,2,True,1.5704888012260199,False,,,,True,,2.0,0.0,0.0
121,YN,CI,False,right,True,0.5801206007599831,False,,,,True,0.031547867224009644,,,
121,WM_probe,CI,,4,True,2.221443399786949,False,,,,True,,4.0,0.0,0.0
122,YN,CC,False,right,True,0.42493920028209686,False,,,,True,0.025059361681363596,,,
122,WM_probe,CC,,3,True,1.3384367004036903,False,,,,True,,3.0,0.0,0.0
123,YN,CC,False,right,True,0.7413504999130964,False,,,,True,0.025059361681363596,,,
123,WM_probe,CC,,2,False,1.583313100039959,False,,,,False,,4.0,0.0,0.0
124,YN,CI,True,right,False,0.4679956007748842,False,,,,False,0.031547867224009644,,,
124,WM_probe,CI,,3,False,2.42369900085032,False,,,,False,,2.0,0.0,0.0
125,YN,SC,False,right,True,0.4942143987864256,False,,,,True,0.03971641173621406,,,
125,WM_probe,SC,,1,True,1.8697892986238003,False,,,,True,,1.0,0.0,0.0
126,YN,SC,False,right,True,0.49548949860036373,False,,,,True,0.03971641173621406,,,
126,WM_probe,SC,,1,True,2.0421651992946863,False,,,,True,,1.0,0.0,0.0
127,YN,CI,False,right,True,0.4593337010592222,False,,,,True,0.031547867224009644,,,
127,WM_probe,CI,,3,False,1.8571031987667084,False,,,,False,,2.0,0.0,0.0
128,YN,CI,True,right,False,0.865692999213934,False,,,,False,0.031547867224009644,,,
128,WM_probe,CI,,4,True,0.9711301010102034,False,,,,True,,4.0,0.0,0.0
129,YN,CC,False,right,True,0.4072795994579792,False,,,,True,0.025059361681363596,,,
129,WM_probe,CC,,4,True,1.0867453999817371,False,,,,True,,4.0,0.0,0.0
130,YN,SC,True,left,True,0.7539779003709555,False,,,,True,0.03971641173621406,,,
130,WM_probe,SC,,2,False,2.8467867001891136,False,,,,False,,1.0,1.0,0.0
131,YN,CC,False,right,True,0.5742472000420094,False,,,,True,0.025059361681363596,,,
131,WM_probe,CC,,1,True,1.0218276008963585,False,,,,True,,1.0,0.0,0.0
132,YN,SC,True,right,False,0.528829300776124,False,,,,False,0.03971641173621406,,,
132,WM_probe,SC,,3,True,2.3138291984796524,False,,,,True,,3.0,0.0,0.0
133,YN,SC,True,left,True,0.4789415989071131,False,,,,True,0.03971641173621406,,,
133,WM_probe,SC,,3,False,1.9614521004259586,False,,,,False,,2.0,1.0,0.0
134,YN,CC,True,right,False,0.5259891003370285,False,,,,False,0.025059361681363596,,,
134,WM_probe,CC,,4,True,1.4182619992643595,False,,,,True,,4.0,0.0,0.0
135,YN,CC,False,right,True,0.3198130000382662,False,,,,True,0.025059361681363596,,,
135,WM_probe,CC,,4,False,2.196282399818301,False,,,,False,,2.0,0.0,0.0
136,YN,SC,True,right,False,0.4237374998629093,False,,,,False,0.03971641173621406,,,
136,WM_probe,SC,,4,False,1.8635130003094673,False,,,,False,,2.0,1.0,0.0
137,YN,CC,True,right,False,0.5393333006650209,False,,,,False,0.025059361681363596,,,
137,WM_probe,CC,,3,True,1.3236564993858337,False,,,,True,,3.0,0.0,0.0
138,YN,CC,True,right,False,0.513646500185132,False,,,,False,0.025059361681363596,,,
138,WM_probe,CC,,2,False,2.3066533003002405,False,,,,False,,1.0,0.0,0.0
139,YN,SC,False,right,True,0.45894539915025234,False,,,,True,0.03971641173621406,,,
139,WM_probe,SC,,4,True,1.266890099272132,False,,,,True,,4.0,0.0,0.0
140,YN,SC,True,right,False,0.3355240002274513,False,,,,False,0.03971641173621406,,,
140,WM_probe,SC,,4,True,0.9857391994446516,False,,,,True,,4.0,0.0,0.0
141,YN,CI,False,right,True,0.4471578989177942,False,,,,True,0.031547867224009644,,,
141,WM_probe,CI,,no_response,False,,True,4,0.0008186995983123779,True,True,,4.0,0.0,0.0
142,YN,CI,True,right,False,0.6960834991186857,False,,,,False,0.031547867224009644,,,
142,WM_probe,CI,,3,True,1.4753536004573107,False,,,,True,,3.0,0.0,0.0
143,YN,CI,False,right,True,0.815794300287962,False,,,,True,0.031547867224009644,,,
143,WM_probe,CI,,2,True,1.3759046010673046,False,,,,True,,2.0,0.0,0.0
144,YN,CI,False,right,True,0.570304399356246,False,,,,True,0.031547867224009644,,,
144,WM_probe,CI,,1,False,1.385419299826026,False,,,,False,,2.0,0.0,0.0
145,YN,CC,False,right,True,0.45563040114939213,False,,,,True,0.025059361681363596,,,
145,WM_probe,CC,,4,True,1.1860461998730898,False,,,,True,,4.0,0.0,0.0
146,YN,CI,False,right,True,0.484570300206542,False,,,,True,0.031547867224009644,,,
146,WM_probe,CI,,4,True,1.5001576002687216,False,,,,True,,4.0,0.0,0.0
147,YN,SC,False,right,True,0.6210238002240658,False,,,,True,0.03971641173621406,,,
147,WM_probe,SC,,1,True,2.631496800109744,False,,,,True,,1.0,0.0,0.0
148,YN,CC,False,right,True,0.5878515988588333,False,,,,True,0.025059361681363596,,,
148,WM_probe,CC,,4,True,1.4673965014517307,False,,,,True,,4.0,0.0,0.0
149,YN,CI,True,right,False,0.6101712994277477,False,,,,False,0.031547867224009644,,,
149,WM_probe,CI,,2,True,1.766949601471424,False,,,,True,,2.0,0.0,0.0
150,YN,SC,False,right,True,0.544701499864459,False,,,,True,0.03971641173621406,,,
150,WM_probe,SC,,4,True,1.1463693007826805,False,,,,True,,4.0,0.0,0.0
151,YN,CC,False,right,True,0.4568984992802143,False,,,,True,0.025059361681363596,,,
151,WM_probe,CC,,4,False,1.654391199350357,False,,,,False,,3.0,0.0,0.0
152,YN,CI,False,right,True,0.6251181997358799,False,,,,True,0.031547867224009644,,,
152,WM_probe,CI,,4,True,0.9487209990620613,False,,,,True,,4.0,0.0,0.0
153,YN,CC,False,right,True,0.4008007999509573,False,,,,True,0.025059361681363596,,,
153,WM_probe,CC,,3,True,2.12431270070374,False,,,,True,,3.0,0.0,0.0
154,YN,CC,False,right,True,0.5875554997473955,False,,,,True,0.025059361681363596,,,
154,WM_probe,CC,,3,True,1.7993864994496107,False,,,,True,,3.0,0.0,0.0
155,YN,CC,True,right,False,0.36567859910428524,False,,,,False,0.025059361681363596,,,
155,WM_probe,CC,,2,True,1.6361024007201195,False,,,,True,,2.0,0.0,0.0
156,YN,SC,True,right,False,0.5376933012157679,False,,,,False,0.03971641173621406,,,
156,WM_probe,SC,,2,False,1.4911588001996279,False,,,,False,,1.0,1.0,0.0
157,YN,CC,True,right,False,0.5794465988874435,False,,,,False,0.025059361681363596,,,
157,WM_probe,CC,,4,True,1.2397048994898796,False,,,,True,,4.0,0.0,0.0
158,YN,CI,False,right,True,0.43461369909346104,False,,,,True,0.031547867224009644,,,
158,WM_probe,CI,,4,True,1.237253300845623,False,,,,True,,4.0,0.0,0.0
159,YN,CC,True,right,False,0.41028890013694763,False,,,,False,0.025059361681363596,,,
159,WM_probe,CC,,2,False,2.582668600603938,False,,,,False,,4.0,0.0,0.0
160,YN,CI,True,right,False,0.50456009991467,False,,,,False,0.031547867224009644,,,
160,WM_probe,CI,,4,True,1.3013271000236273,False,,,,True,,4.0,0.0,0.0
161,YN,CC,False,right,True,0.5404400993138552,False,,,,True,0.025059361681363596,,,
161,WM_probe,CC,,1,True,1.6044177990406752,False,,,,True,,1.0,0.0,0.0
162,YN,SC,True,right,False,0.4637851007282734,False,,,,False,0.03971641173621406,,,
162,WM_probe,SC,,1,False,2.7360935993492603,False,,,,False,,2.0,1.0,0.0
163,YN,CI,True,right,False,0.5838043000549078,False,,,,False,0.031547867224009644,,,
163,WM_probe,CI,,1,True,2.4295395016670227,False,,,,True,,1.0,0.0,0.0
164,YN,SC,True,right,False,0.5363734997808933,False,,,,False,0.03971641173621406,,,
164,WM_probe,SC,,1,True,2.0832831002771854,False,,,,True,,1.0,0.0,0.0
165,YN,CC,False,right,True,0.5307135991752148,False,,,,True,0.025059361681363596,,,
165,WM_probe,CC,,2,False,1.8218869008123875,False,,,,False,,4.0,0.0,0.0
166,YN,SC,True,right,False,0.6381347998976707,False,,,,False,0.03971641173621406,,,
166,WM_probe,SC,,1,True,2.0613241009414196,False,,,,True,,1.0,0.0,0.0
167,YN,CC,True,right,False,0.4492449015378952,False,,,,False,0.025059361681363596,,,
167,WM_probe,CC,,1,False,1.6282375995069742,False,,,,False,,2.0,0.0,0.0
168,YN,SC,True,right,False,0.46314819902181625,False,,,,False,0.03971641173621406,,,
168,WM_probe,SC,,2,True,1.4310790989547968,False,,,,True,,2.0,0.0,0.0
169,YN,CI,False,right,True,0.45131640136241913,False,,,,True,0.031547867224009644,,,
169,WM_probe,CI,,3,False,1.4626930002123117,False,,,,False,,4.0,0.0,0.0
170,YN,CC,True,right,False,0.6348123997449875,False,,,,False,0.025059361681363596,,,
170,WM_probe,CC,,4,True,1.0611947011202574,False,,,,True,,4.0,0.0,0.0
171,YN,CI,False,right,True,0.5097803007811308,False,,,,True,0.031547867224009644,,,
171,WM_probe,CI,,no_response,False,,True,4,0.0004596002399921417,True,True,,4.0,0.0,0.0
172,YN,SC,True,right,False,0.3989518005400896,False,,,,False,0.03971641173621406,,,
172,WM_probe,SC,,4,True,1.0142369009554386,False,,,,True,,4.0,0.0,0.0
173,YN,SC,False,right,True,0.5259073004126549,False,,,,True,0.03971641173621406,,,
173,WM_probe,SC,,1,True,1.2847393993288279,False,,,,True,,1.0,0.0,0.0
174,YN,CI,True,right,False,0.4624210000038147,False,,,,False,0.031547867224009644,,,
174,WM_probe,CI,,2,True,1.5595091991126537,False,,,,True,,2.0,0.0,0.0
175,YN,CC,False,right,True,0.4766981992870569,False,,,,True,0.025059361681363596,,,
175,WM_probe,CC,,4,False,1.9427585005760193,False,,,,False,,3.0,0.0,0.0
176,YN,SC,False,right,True,0.4465164002031088,False,,,,True,0.03971641173621406,,,
176,WM_probe,SC,,4,True,1.1159192007035017,False,,,,True,,4.0,0.0,0.0
177,YN,SC,True,right,False,0.6515931002795696,False,,,,False,0.03971641173621406,,,
177,WM_probe,SC,,2,True,1.903370101004839,False,,,,True,,2.0,0.0,0.0
178,YN,CC,True,right,False,0.30480949953198433,False,,,,False,0.025059361681363596,,,
178,WM_probe,CC,,4,True,1.24432810023427,False,,,,True,,4.0,0.0,0.0
179,YN,CI,False,right,True,0.5845832992345095,False,,,,True,0.031547867224009644,,,
179,WM_probe,CI,,2,True,2.2633260004222393,False,,,,True,,2.0,0.0,0.0
180,YN,SC,True,left,True,0.709638299420476,False,,,,True,0.03971641173621406,,,
180,WM_probe,SC,,2,False,1.7496461011469364,False,,,,False,,4.0,0.0,1.0
181,YN,CC,True,right,False,0.9287299998104572,False,,,,False,0.025059361681363596,,,
181,WM_probe,CC,,3,False,1.6575100012123585,False,,,,False,,1.0,0.0,0.0
182,YN,SC,True,right,False,0.6201478000730276,False,,,,False,0.03971641173621406,,,
182,WM_probe,SC,,4,False,1.6344367004930973,False,,,,False,,1.0,1.0,0.0
183,YN,SC,True,left,True,0.4226242993026972,False,,,,True,0.03971641173621406,,,
183,WM_probe,SC,,4,True,1.3161645997315645,False,,,,True,,4.0,0.0,0.0
184,YN,CC,False,right,True,0.5528975985944271,False,,,,True,0.025059361681363596,,,
184,WM_probe,CC,,3,False,2.5400430988520384,False,,,,False,,1.0,0.0,0.0
185,YN,CI,True,right,False,0.7019474003463984,False,,,,False,0.031547867224009644,,,
185,WM_probe,CI,,2,True,1.1286322008818388,False,,,,True,,2.0,0.0,0.0
186,YN,CC,True,right,False,0.9784475993365049,False,,,,False,0.025059361681363596,,,
186,WM_probe,CC,,4,False,1.4092667009681463,False,,,,False,,3.0,0.0,0.0
187,YN,CC,False,no_response,False,,True,right,0.00024240091443061829,True,True,0.025059361681363596,,,
187,WM_probe,CC,,2,True,1.9100478999316692,False,,,,True,,2.0,0.0,0.0
188,YN,SC,True,left,True,0.3654446993023157,False,,,,True,0.03971641173621406,,,
188,WM_probe,SC,,no_response,False,,True,3,0.0006805993616580963,False,False,,2.0,0.0,0.0
189,YN,CC,False,right,True,0.5066627003252506,False,,,,True,0.025059361681363596,,,
189,WM_probe,CC,,4,False,2.1490377988666296,False,,,,False,,1.0,0.0,0.0
190,YN,CI,False,right,True,0.5829117000102997,False,,,,True,0.031547867224009644,,,
190,WM_probe,CI,,2,True,0.9127489998936653,False,,,,True,,2.0,0.0,0.0
191,YN,CI,False,right,True,0.4503846000880003,False,,,,True,0.031547867224009644,,,
191,WM_probe,CI,,4,False,1.7820027992129326,False,,,,False,,3.0,0.0,0.0
192,YN,CC,True,right,False,0.3908559996634722,False,,,,False,0.025059361681363596,,,
192,WM_probe,CC,,4,True,1.773718100041151,False,,,,True,,4.0,0.0,0.0
193,YN,CI,False,right,True,0.7925490997731686,False,,,,True,0.031547867224009644,,,
193,WM_probe,CI,,4,True,1.7448414005339146,False,,,,True,,4.0,0.0,0.0
194,YN,CC,False,right,True,0.8051193002611399,False,,,,True,0.025059361681363596,,,
194,WM_probe,CC,,1,True,1.4030189011245966,False,,,,True,,1.0,0.0,0.0
195,YN,SC,True,left,True,0.5989593993872404,False,,,,True,0.03971641173621406,,,
195,WM_probe,SC,,2,True,1.911081800237298,False,,,,True,,2.0,0.0,0.0
196,YN,CC,True,right,False,0.399754099547863,False,,,,False,0.025059361681363596,,,
196,WM_probe,CC,,2,True,2.143191499635577,False,,,,True,,2.0,0.0,0.0
197,YN,SC,False,right,True,0.6150829996913671,False,,,,True,0.03971641173621406,,,
197,WM_probe,SC,,1,True,1.4203009009361267,False,,,,True,,1.0,0.0,0.0
198,YN,SC,False,right,True,0.6664714999496937,False,,,,True,0.03971641173621406,,,
198,WM_probe,SC,,2,True,2.1839974001049995,False,,,,True,,2.0,0.0,0.0
